time_ps,s0,s1,s2,s3,s4,s5,s6,s7,s8,s9,s10,s11,s12,s13,s14,s15
24402000000,0,0,0,0,0,0,0,0,0,0,0,0,0,0,0,0
24403000000,0,0,0,0,0,0,0,0,0,0,0,0,0,0,0,0
24405000000,0,0,0,0,0,0,0,0,0,0,0,0,0,0,0,0
24407000000,0,0,0,0,0,0,0,0,0,-1,-1,-1,-1,-1,-1,-1
24408000000,-1,-1,-1,-1,-1,0,0,0,0,0,0,0,0,0,0,0
24410000000,0,0,0,0,0,0,0,0,0,0,0,0,0,0,0,0
24412000000,0,0,0,0,0,0,0,0,0,0,0,0,0,0,0,0
24413000000,0,0,0,0,0,-1,-1,-1,-1,-1,-1,-1,-1,-1,-1,-1
24415000000,-2,-2,-2,-2,-2,-2,-2,-2,-2,-2,-2,-2,-2,-2,-2,-2
24417000000,-2,-2,-2,-2,-2,-2,-2,-2,-2,-2,-2,-2,-2,-2,-2,-1
24418000000,-1,-1,-1,-1,-1,0,0,0,0,0,0,0,0,0,1,1
24420000000,1,1,2,2,2,2,3,3,3,3,3,3,3,3,3,4
24422000000,4,4,4,4,4,4,3,3,3,3,2,3,2,2,1,1
24423000000,1,0,0,0,0,-1,-2,-2,-3,-3,-4,-5,-5,-6,-6,-7
24425000000,-8,-8,-9,-9,-10,-11,-11,-12,-12,-13,-13,-13,-13,-14,-14,-14
24427000000,-15,-14,-14,-14,-14,-14,-13,-13,-12,-12,-11,-11,-10,-9,-8,-7
24428000000,-6,-5,-3,-2,-1,0,1,2,4,6,7,9,11,12,14,15
24430000000,17,19,20,22,23,24,26,27,28,29,30,31,31,32,32,33
24432000000,33,33,33,32,32,31,30,29,27,27,25,23,21,19,16,14
24433000000,11,8,6,2,0,-3,-7,-11,-14,-18,-22,-25,-29,-34,-37,-41
24435000000,-45,-48,-52,-55,-58,-62,-65,-67,-70,-73,-74,-76,-77,-79,-80,-80
24437000000,-81,-80,-79,-79,-77,-75,-74,-71,-67,-65,-61,-56,-52,-47,-40,-34
24438000000,-29,-22,-14,-9,0,7,13,22,31,38,47,57,63,73,82,89
24440000000,97,106,113,121,129,134,141,148,152,157,162,165,168,171,172,173
24442000000,173,173,171,168,166,161,155,151,143,134,128,118,106,98,84,70
24443000000,60,44,28,16,0,-19,-32,-51,-70,-84,-103,-123,-137,-157,-176,-190
24445000000,-209,-227,-239,-256,-272,-284,-298,-310,-319,-330,-339,-345,-351,-356,-358,-360
24447000000,-359,-355,-354,-347,-338,-332,-320,-305,-295,-276,-256,-242,-218,-192,-174,-145
24448000000,-114,-93,-59,-24,0,35,73,99,137,176,203,242,281,308,346,383
24450000000,409,444,477,501,531,559,579,603,625,640,657,670,679,686,690,693
24452000000,690,683,678,665,646,635,610,581,561,525,485,458,411,361,327,271
24453000000,213,173,109,43,0,-69,-140,-188,-260,-332,-382,-455,-526,-597,-645,-713
24455000000,-778,-824,-884,-942,-981,-1032,-1078,-1110,-1148,-1180,-1203,-1225,-1241,-1253,-1257,-1255
24457000000,-1254,-1240,-1218,-1204,-1169,-1128,-1100,-1046,-985,-944,-870,-791,-737,-647,-551,-485
24458000000,-381,-271,-196,-80,39,120,244,369,455,581,707,793,917,1039,1122,1239
24460000000,1351,1428,1531,1628,1695,1780,1857,1911,1973,2025,2062,2097,2121,2139,2143,2137
24462000000,2133,2106,2065,2039,1978,1905,1856,1763,1657,1540,1461,1325,1179,1080,918,748
24463000000,632,449,259,130,-67,-269,-407,-613,-820,-961,-1167,-1371,-1509,-1707,-1899,-2029
24465000000,-2209,-2381,-2497,-2652,-2794,-2891,-3013,-3119,-3191,-3272,-3336,-3379,-3413,-3429,-3440,-3425
24467000000,-3390,-3366,-3298,-3211,-3151,-3030,-2891,-2796,-2625,-2437,-2309,-2092,-1860,-1702,-1445,-1176
24468000000,-993,-705,-408,-206,102,417,630,949,1268,1485,1802,2114,2325,2626,2917,3114
24470000000,3386,3645,3818,4049,4262,4404,4583,4738,4871,4958,5048,5111,5152,5170,5159,5149
24472000000,5090,5001,4939,4801,4635,4520,4307,4066,3900,3616,3307,3095,2748,2380,2129,1730
24473000000,1315,1033,596,149,-152,-611,-1074,-1386,-1849,-2309,-2619,-3068,-3506,-3801,-4217,-4615
24475000000,-4881,-5246,-5587,-5813,-6110,-6377,-6553,-6767,-6946,-7062,-7180,-7261,-7310,-7325,-7300,-7277
24477000000,-7184,-7049,-6952,-6750,-6508,-6339,-6031,-5687,-5449,-5044,-4608,-4308,-3819,-3304,-2952,-2396
24478000000,-1819,-1429,-824,-208,207,837,1470,2102,2527,3151,3766,4176,4767,5339,5718,6251
24480000000,6755,7087,7539,7953,8223,8571,8876,9070,9299,9478,9588,9683,9726,9742,9696,9597
24482000000,9517,9327,9084,8908,8577,8196,7927,7465,6956,6604,6024,5405,4980,4302,3593,3111
24483000000,2359,1587,1065,267,-539,-1082,-1895,-2706,-3247,-4044,-4826,-5344,-6093,-6814,-7288,-7957
24485000000,-8588,-8998,-9557,-10070,-10398,-10824,-11195,-11425,-11697,-11907,-12029,-12132,-12171,-12175,-12102,-11962
24487000000,-11847,-11595,-11278,-10897,-10621,-10136,-9592,-9208,-8570,-7880,-7402,-6633,-5822,-5266,-4394,-3491
24488000000,-2878,-1934,-973,-326,652,1633,2290,3266,4230,4869,5803,6712,7308,8163,8979,9508
24490000000,10248,10937,11377,11970,12502,12834,13256,13608,13815,14045,14199,14273,14299,14247,14181,13999
24492000000,13739,13534,13147,12686,12349,11770,11122,10664,9912,9102,8539,7641,6697,6050,5041,3999
24493000000,3292,2209,1109,370,-744,-1860,-2603,-3706,-4794,-5511,-6560,-7576,-8238,-9190,-10095,-10675
24495000000,-11491,-12247,-12939,-13369,-13945,-14447,-14747,-15118,-15408,-15564,-15714,-15780,-15784,-15705,-15541,-15392
24497000000,-15086,-14697,-14399,-13876,-13276,-12840,-12118,-11329,-10771,-9878,-8929,-8272,-7241,-6169,-5436,-4307
24498000000,-3154,-2374,-1191,0,794,1985,3167,3947,5099,6225,6959,8027,9053,9712,10655,11540
24500000000,12098,12877,13586,14020,14605,15111,15405,15772,16054,16194,16330,16376,16359,16257,16066,15890
24502000000,15555,15135,14809,14254,13621,13158,12404,11584,11001,10078,9101,8422,7365,6269,5519,4369
24503000000,3196,2005,1204,0,-1205,-2006,-3197,-4370,-5139,-6270,-7366,-8076,-9102,-10079,-10701,-11585
24505000000,-12405,-12916,-13622,-14255,-14634,-15136,-15556,-15790,-16068,-16260,-16339,-16383,-16339,-16260,-16068,-15790
24507000000,-15556,-15136,-14634,-14255,-13622,-12916,-12405,-11585,-10701,-10079,-9102,-8076,-7366,-6270,-5139,-4370
24508000000,-3197,-2006,-1205,0,1204,2005,3196,4369,5138,6269,7365,8075,9101,10078,10700,11584
24510000000,12404,12915,13621,14254,14633,15135,15555,15789,16067,16259,16338,16382,16338,16205,16067,15789
24512000000,15425,15135,14633,14051,13621,12915,12138,11584,10700,9758,9101,8075,7004,6269,5138,3980
24513000000,3196,2005,803,0,-1205,-2404,-3197,-4370,-5520,-6270,-7366,-8423,-9102,-10079,-11002,-11585
24515000000,-12405,-13159,-13622,-14255,-14810,-15136,-15556,-15892,-16068,-16260,-16364,-16383,-16339,-16206,-16068,-15790
24517000000,-15426,-15136,-14634,-14052,-13622,-12916,-12139,-11585,-10701,-9759,-9102,-8076,-7005,-6270,-5139,-3981
24518000000,-3197,-2006,-804,0,1204,2403,3196,4369,5519,6269,7365,8422,9433,10078,11001,11864
24520000000,12404,13158,13840,14254,14809,15284,15555,15891,16141,16259,16363,16377,16338,16205,15984,15789
24522000000,15425,14977,14633,14051,13394,12915,12138,11296,10700,9758,8764,8075,7004,5896,5138,3980
24523000000,2800,2005,803,-402,-1205,-2404,-3590,-4370,-5520,-6640,-7366,-8423,-9434,-10079,-11002,-11865
24525000000,-12405,-13159,-13841,-14255,-14810,-15285,-15556,-15892,-16142,-16260,-16364,-16378,-16339,-16206,-15985,-15790
24527000000,-15426,-14978,-14634,-14052,-13395,-12916,-12139,-11297,-10701,-9759,-8765,-7723,-7005,-5897,-4756,-3981
24529000000,-2801,-1606,-804,401,1605,2403,3589,4755,5519,6639,7722,8422,9433,10392,11001,11864
24530000000,12663,13158,13840,14448,14809,15284,15677,15891,16141,16303,16363,16377,16303,16205,15984,15677
24532000000,15425,14977,14448,14051,13394,12663,12138,11296,10392,9758,8764,7722,7004,5896,4755,3980
24534000000,2800,1605,803,-402,-1606,-2404,-3590,-4756,-5520,-6640,-7723,-8423,-9434,-10393,-11002,-11865
24535000000,-12664,-13159,-13841,-14449,-14810,-15285,-15678,-15985,-16142,-16304,-16378,-16378,-16304,-16142,-15985,-15678
24537000000,-15285,-14978,-14449,-13841,-13395,-12664,-11865,-11297,-10393,-9434,-8765,-7723,-6640,-5897,-4756,-3590
24539000000,-2801,-1606,-402,401,1605,2800,3589,4755,5896,6639,7722,8764,9433,10392,11296,11864
24540000000,12663,13394,13840,14448,14977,15284,15677,15984,16141,16303,16377,16377,16303,16141,15984,15677
24542000000,15284,14977,14448,13840,13394,12663,11864,11296,10392,9433,8764,7722,6639,5896,4755,3589
24544000000,2800,1605,401,-402,-1606,-2801,-3981,-4756,-5897,-7005,-7723,-8765,-9759,-10393,-11297,-12139
24545000000,-12664,-13395,-14052,-14449,-14978,-15426,-15678,-15985,-16206,-16304,-16378,-16364,-16304,-16142,-15892,-15678
24547000000,-15285,-14810,-14449,-13841,-13159,-12664,-11865,-11002,-10393,-9434,-8423,-7723,-6640,-5520,-4756,-3590
24549000000,-2404,-1606,-402,803,1605,2800,3980,4755,5896,7004,7722,8764,9758,10392,11296,12138
24550000000,12663,13394,14051,14448,14977,15425,15677,15984,16205,16303,16377,16363,16303,16141,15891,15677
24552000000,15284,14809,14448,13840,13158,12404,11864,11001,10078,9433,8422,7365,6639,5519,4369,3589
24554000000,2403,1204,401,-804,-2006,-2801,-3981,-5139,-5897,-7005,-8076,-8765,-9759,-10701,-11297,-12139
24555000000,-12916,-13395,-14052,-14634,-14978,-15426,-15790,-15985,-16206,-16339,-16378,-16364,-16260,-16142,-15892,-15556
24557000000,-15285,-14810,-14255,-13841,-13159,-12405,-11865,-11002,-10079,-9434,-8423,-7366,-6640,-5520,-4370,-3590
24559000000,-2404,-1205,-402,803,2005,2800,3980,5138,5896,7004,8075,8764,9758,10700,11296,12138
24560000000,12915,13621,14051,14633,15135,15425,15789,16067,16205,16338,16382,16363,16259,16067,15891,15555
24562000000,15135,14809,14254,13621,13158,12404,11584,11001,10078,9101,8422,7365,6269,5519,4369,3196
24564000000,2403,1204,0,-804,-2006,-3197,-3981,-5139,-6270,-7005,-8076,-9102,-9759,-10701,-11585,-12139
24565000000,-12916,-13622,-14052,-14634,-15136,-15426,-15790,-16068,-16206,-16339,-16383,-16364,-16260,-16068,-15892,-15556
24567000000,-15136,-14810,-14255,-13622,-13159,-12405,-11585,-11002,-10079,-9102,-8423,-7366,-6270,-5520,-4370,-3197
24569000000,-2006,-1205,0,1204,2005,3196,4369,5138,6269,7365,8075,9101,10078,10700,11584,12404
24570000000,12915,13621,14254,14633,15135,15555,15789,16067,16259,16338,16382,16338,16259,16067,15789,15555
24572000000,15135,14633,14254,13621,12915,12404,11584,10700,10078,9101,8075,7365,6269,5138,4369,3196
24574000000,2005,1204,0,-1205,-2006,-3197,-4370,-5139,-6270,-7366,-8076,-9102,-10079,-10701,-11585,-12405
24575000000,-12916,-13622,-14255,-14634,-15136,-15556,-15790,-16068,-16260,-16339,-16383,-16339,-16260,-16068,-15790,-15426
24577000000,-15136,-14634,-14052,-13622,-12916,-12139,-11585,-10701,-9759,-9102,-8076,-7005,-6270,-5139,-3981,-3197
24579000000,-2006,-804,0,1204,2403,3196,4369,5519,6269,7365,8422,9101,10078,11001,11584,12404
24580000000,13158,13621,14254,14809,15135,15555,15891,16067,16259,16363,16382,16338,16205,16067,15789,15425
24582000000,15135,14633,14051,13621,12915,12138,11584,10700,9758,9101,8075,7004,6269,5138,3980,3196
24584000000,2005,803,0,-1205,-2404,-3197,-4370,-5520,-6270,-7366,-8423,-9434,-10079,-11002,-11865,-12405
24585000000,-13159,-13841,-14255,-14810,-15285,-15556,-15892,-16142,-16260,-16364,-16378,-16339,-16206,-15985,-15790,-15426
24587000000,-14978,-14634,-14052,-13395,-12916,-12139,-11297,-10701,-9759,-8765,-8076,-7005,-5897,-5139,-3981,-2801
24589000000,-2006,-804,401,1204,2403,3589,4369,5519,6639,7365,8422,9433,10078,11001,11864,12404
24590000000,13158,13840,14254,14809,15284,15555,15891,16141,16259,16363,16377,16338,16205,15984,15789,15425
24592000000,14977,14633,14051,13394,12915,12138,11296,10700,9758,8764,7722,7004,5896,4755,3980,2800
24594000000,1605,803,-402,-1606,-2404,-3590,-4756,-5520,-6640,-7723,-8423,-9434,-10393,-11002,-11865,-12664
24595000000,-13159,-13841,-14449,-14810,-15285,-15678,-15892,-16142,-16304,-16364,-16378,-16304,-16206,-15985,-15678,-15426
24597000000,-14978,-14449,-14052,-13395,-12664,-12139,-11297,-10393,-9759,-8765,-7723,-7005,-5897,-4756,-3981,-2801
24599000000,-1606,-804,401,1605,2403,3589,4755,5519,6639,7722,8422,9433,10392,11001,11864,12663
24600000000,13158,13840,14448,14809,15284,15677,15891,16141,16303,16377,16377,16303,16141,15984,15677,15284
24602000000,14976,14446,13838,13391,12659,11859,11288,10383,9423,8752,7709,6626,5882,4742,3577,2790
24604000000,1598,399,-401,-1598,-2785,-3567,-4724,-5853,-6585,-7655,-8682,-9337,-10279,-11164,-11716,-12495
24605000000,-13203,-13631,-14217,-14723,-15010,-15380,-15666,-15803,-15944,-15999,-15981,-15890,-15713,-15541,-15223,-14823
24607000000,-14506,-13975,-13369,-12920,-12198,-11412,-10849,-9967,-9033,-8380,-7372,-6327,-5610,-4518,-3404,-2652
24609000000,-1518,-380,377,1508,2626,3726,4443,5498,6520,7174,8126,9029,9596,10408,11161,11619
24610000000,12262,12836,13169,13620,13995,14191,14436,14600,14654,14685,14636,14547,14366,14108,13882,13499
24612000000,13045,12693,12128,11499,11036,10311,9535,8982,8129,7237,6617,5671,4701,4038,3038,2028
24614000000,1350,336,-673,-1340,-2329,-3299,-3929,-4855,-5749,-6318,-7146,-7930,-8417,-9118,-9764,-10151
24615000000,-10700,-11185,-11460,-11837,-12148,-12302,-12497,-12623,-12653,-12663,-12605,-12511,-12340,-12102,-11893,-11550
24617000000,-11147,-10832,-10336,-9787,-9190,-8754,-8084,-7376,-6875,-6113,-5323,-4778,-3956,-3118,-2551,-1701
24619000000,-849,-282,560,1392,1937,2741,3522,4024,4758,5461,5900,6539,7137,7498,8020,8492
24620000000,8765,9151,9484,9660,9900,10084,10158,10247,10280,10253,10192,10076,9952,9747,9492,9279
24622000000,8943,8562,8271,7821,7334,6977,6435,5863,5457,4846,4214,3778,3123,2458,2008,1337
24624000000,665,220,-440,-1092,-1516,-2141,-2748,-3135,-3702,-4243,-4578,-5067,-5523,-5795,-6190,-6546
24625000000,-6747,-7035,-7281,-7485,-7581,-7711,-7798,-7816,-7830,-7802,-7744,-7645,-7507,-7377,-7174,-6935
24627000000,-6742,-6446,-6120,-5873,-5500,-5102,-4813,-4380,-3929,-3611,-3137,-2652,-2318,-1823,-1325,-989
24629000000,-493,0,322,801,1268,1568,2011,2436,2702,3093,3461,3685,4011,4310,4484,4736
24630000000,4958,5076,5247,5387,5449,5536,5591,5596,5599,5572,5523,5446,5340,5240,5090,4914
24632000000,4771,4555,4319,4139,3871,3586,3379,3071,2750,2525,2190,1848,1614,1267,919,571
24634000000,340,0,-336,-554,-876,-1187,-1385,-1675,-1951,-2121,-2370,-2602,-2739,-2939,-3120,-3220
24635000000,-3367,-3493,-3554,-3644,-3713,-3735,-3768,-3779,-3763,-3740,-3696,-3646,-3570,-3477,-3394,-3273
24637000000,-3135,-3026,-2865,-2692,-2562,-2370,-2169,-2024,-1811,-1592,-1438,-1213,-985,-830,-601,-374
24639000000,-223,0,216,358,566,766,893,1079,1255,1363,1521,1668,1754,1880,1993,2054
24640000000,2145,2222,2259,2313,2353,2364,2382,2386,2373,2355,2325,2290,2239,2178,2106,2044
24642000000,1956,1858,1783,1673,1555,1469,1342,1211,1117,981,841,745,604,462,367,227
24644000000,89,0,-133,-263,-345,-467,-583,-655,-761,-861,-919,-1007,-1087,-1131,-1198,-1257
24645000000,-1286,-1331,-1367,-1381,-1403,-1417,-1417,-1417,-1410,-1395,-1375,-1348,-1322,-1284,-1240,-1202
24647000000,-1149,-1090,-1044,-978,-909,-857,-782,-705,-650,-570,-488,-432,-350,-268,-213,-132
24649000000,-53,0,75,149,196,265,330,371,431,487,520,568,613,652,674,706
24650000000,733,746,765,780,783,790,793,788,783,774,762,746,726,708,683,654
24652000000,631,598,562,535,496,456,426,383,339,308,264,219,188,143,99,69
24654000000,27,-14,-41,-81,-119,-143,-178,-211,-231,-261,-288,-303,-327,-347,-358,-375
24655000000,-389,-395,-405,-411,-413,-416,-417,-414,-410,-405,-398,-390,-379,-369,-355,-340
24657000000,-328,-310,-292,-277,-256,-236,-220,-198,-175,-152,-136,-113,-90,-74,-52,-29
24659000000,-15,6,26,39,58,77,88,104,120,129,142,155,161,171,180,184
24660000000,191,196,198,202,204,203,203,203,200,197,193,189,183,177,171,164
24662000000,155,149,140,130,122,112,101,94,82,71,63,52,41,34,23,12
24664000000,5,-4,-14,-20,-29,-38,-43,-50,-58,-62,-68,-74,-77,-81,-86,-87
24665000000,-90,-93,-94,-95,-96,-96,-95,-95,-93,-92,-90,-88,-85,-82,-79,-76
24667000000,-72,-68,-65,-60,-56,-52,-47,-42,-38,-33,-28,-25,-20,-15,-11,-7
24669000000,-2,0,4,9,11,15,18,21,24,27,28,31,33,34,36,37
24670000000,38,39,40,40,40,40,40,39,39,38,37,36,35,34,32,31
24672000000,29,27,26,24,22,21,18,16,15,12,10,9,7,5,3,1
24674000000,0,-1,-3,-5,-6,-7,-9,-10,-11,-12,-13,-14,-15,-15,-16,-16
24675000000,-17,-17,-17,-17,-17,-18,-17,-17,-17,-16,-16,-16,-15,-15,-14,-14
24677000000,-13,-12,-11,-11,-10,-9,-8,-7,-7,-6,-5,-4,-4,-3,-2,-2
24679000000,-1,0,0,0,1,1,2,2,3,3,4,4,4,4,4,5
24680000000,5,5,5,5,5,5,5,5,5,4,4,4,4,4,4,3
24682000000,3,3,3,2,2,2,1,1,1,1,0,0,0,0,0,0
24684000000,0,-1,-1,-1,-1,-2,-2,-2,-2,-2,-2,-2,-3,-3,-3,-3
24685000000,-3,-3,-3,-3,-3,-3,-3,-3,-2,-2,-2,-2,-2,-2,-2,-2
24687000000,-2,-2,-2,-2,-2,-2,-1,-1,-1,-1,-1,-1,-1,-1,-1,-1
24689000000,-1,0,0,0,0,0,0,0,0,0,0,0,0,0,0,0
24690000000,0,0,0,0,0,0,0,0,0,0,0,0,0,0,0,0
24692000000,0,0,0,0,0,0,0,0,0,0,0,0,0,0,0,0
24694000000,0,-1,-1,-1,-1,-1,-1,-1,-1,-1,-1,-1,-1,-1,-1,-1
24695000000,-1,-1,-1,-1,-1,-1,-1,0,0,0,0,0,0,0,0,0
24697000000,0,0,0,0,0,0,0,0,0,0,0,0,0,0,0,0
24699000000,0,0,0,0,0,0,0,0,0,0,0,0,0,0,0,0
24700000000,0,0,0,0,0,0,0,0,0,0,0,0,0,0,0,0
24802000000,0,0,0,0,0,0,0,0,0,0,0,0,0,0,0,0
24804000000,0,0,0,0,0,0,0,0,0,0,0,0,0,0,0,0
24806000000,0,0,0,0,0,0,0,0,0,0,0,0,0,0,0,0
24807000000,0,0,0,0,0,0,0,0,0,-1,-1,-1,-1,-1,-1,0
24809000000,0,0,0,0,0,0,0,0,0,0,0,0,0,0,0,0
24811000000,0,0,0,0,0,0,0,0,0,0,0,0,0,0,0,0
24812000000,0,0,0,0,0,0,0,0,0,0,0,0,0,0,0,-1
24814000000,-1,-1,-1,-1,-1,-1,-1,-1,-1,-1,-1,-1,-1,-2,-2,-2
24816000000,-2,-2,-2,-2,-2,-2,-2,-2,-2,-2,-2,-2,-2,-2,-2,-2
24817000000,-2,-2,-2,-2,-2,-2,-2,-1,-2,-1,-1,-1,-1,-1,-1,0
24819000000,0,0,0,0,0,0,0,0,1,1,1,1,1,1,2,2
24821000000,2,2,2,2,2,3,3,3,3,3,3,3,3,3,3,3
24822000000,3,3,2,3,2,2,2,1,1,1,0,0,0,0,0,-1
24824000000,-1,-2,-2,-3,-4,-4,-5,-5,-6,-6,-7,-8,-8,-9,-9,-9
24826000000,-10,-10,-11,-11,-12,-12,-12,-12,-12,-13,-13,-13,-13,-13,-12,-12
24827000000,-12,-11,-11,-11,-10,-9,-9,-8,-7,-6,-5,-4,-3,-2,0,0
24829000000,1,2,4,5,7,8,9,11,12,14,15,17,18,19,21,22
24831000000,23,24,25,26,27,27,28,28,29,29,29,29,29,28,28,28
24832000000,26,26,25,23,22,20,18,17,14,12,10,7,4,2,0,-4
24834000000,-6,-10,-14,-16,-20,-24,-26,-30,-34,-37,-40,-44,-47,-50,-53,-55
24836000000,-59,-61,-63,-65,-67,-69,-70,-71,-72,-73,-72,-73,-72,-71,-69,-68
24837000000,-66,-63,-61,-57,-53,-50,-46,-40,-37,-31,-24,-20,-13,-6,0,6
24839000000,14,20,28,37,43,51,60,66,74,82,89,97,104,109,117,123
24841000000,128,134,139,143,147,150,153,155,156,157,157,156,156,153,149,146
24842000000,141,134,130,122,113,107,96,85,77,64,50,40,25,9,0,-17
24844000000,-34,-46,-64,-82,-95,-113,-131,-144,-161,-178,-191,-207,-223,-238,-249,-263
24846000000,-275,-284,-294,-303,-310,-317,-322,-326,-328,-328,-329,-326,-321,-318,-310,-300
24847000000,-293,-280,-264,-254,-235,-214,-200,-176,-150,-133,-105,-75,-54,-22,10,32
24849000000,67,102,126,162,198,223,259,294,319,353,386,409,440,469,490,516
24851000000,540,557,577,594,606,618,627,634,637,637,637,631,621,614,598,577
24852000000,564,537,506,486,449,408,381,334,285,232,197,140,81,40,-22,-86
24854000000,-130,-196,-263,-309,-376,-443,-489,-554,-618,-662,-723,-781,-822,-875,-925,-960
24856000000,-1002,-1041,-1068,-1098,-1123,-1140,-1155,-1164,-1171,-1168,-1160,-1155,-1135,-1108,-1090,-1051
24857000000,-1006,-976,-919,-855,-812,-738,-658,-604,-514,-420,-355,-253,-147,-75,36,150
24859000000,228,345,463,543,661,778,859,972,1084,1160,1265,1365,1434,1526,1610,1668
24861000000,1741,1805,1850,1899,1939,1967,1990,2003,2004,2005,1988,1959,1940,1891,1830,1790
24862000000,1710,1619,1557,1448,1328,1246,1109,963,864,704,536,422,244,61,-63,-254
24864000000,-446,-578,-773,-968,-1100,-1292,-1481,-1610,-1791,-1966,-2085,-2247,-2400,-2504,-2639,-2762
24866000000,-2846,-2947,-3033,-3092,-3153,-3197,-3228,-3244,-3242,-3240,-3208,-3156,-3122,-3039,-2938,-2870
24867000000,-2738,-2589,-2488,-2310,-2115,-1983,-1763,-1529,-1371,-1115,-849,-669,-387,-98,97,395
24869000000,697,901,1205,1507,1712,2009,2300,2583,2774,3041,3295,3467,3698,3912,4056,4240
24871000000,4403,4512,4638,4741,4809,4870,4906,4927,4918,4881,4854,4770,4659,4581,4423,4239
24872000000,4111,3882,3627,3453,3159,2842,2626,2274,1905,1654,1257,848,570,143,-291,-585
24874000000,-1028,-1471,-1771,-2211,-2646,-2939,-3359,-3767,-4041,-4424,-4788,-5030,-5358,-5661,-5862,-6119
24876000000,-6346,-6495,-6668,-6806,-6895,-6974,-7015,-7037,-7015,-6952,-6905,-6777,-6610,-6491,-6259,-5990
24877000000,-5803,-5472,-5107,-4709,-4436,-3986,-3508,-3182,-2662,-2121,-1753,-1182,-596,-201,401,1009
24879000000,1418,2028,2634,3041,3635,4216,4603,5156,5687,6039,6527,6985,7286,7688,8052,8288
24881000000,8584,8837,8997,9172,9298,9372,9416,9408,9390,9295,9148,9036,8803,8518,8314,7946
24882000000,7530,7240,6748,6214,5845,5245,4610,4176,3489,2776,2291,1542,776,259,-524,-1313
24884000000,-1842,-2631,-3412,-3934,-4695,-5438,-5929,-6632,-7306,-7747,-8363,-8937,-9311,-9811,-10262,-10549
24886000000,-10912,-11218,-11465,-11613,-11758,-11840,-11875,-11850,-11758,-11677,-11477,-11212,-11015,-10645,-10213,-9905
24887000000,-9374,-8788,-8379,-7705,-6984,-6488,-5695,-4866,-4300,-3416,-2508,-1894,-953,0,638,1600
24889000000,2561,3200,4146,5075,5690,6582,7444,8008,8810,9568,10058,10736,11359,11755,12279,12739
24891000000,13023,13370,13648,13805,13959,14038,14062,14013,13887,13773,13519,13191,12941,12490,11967,11591
24892000000,10956,10257,9766,8970,8120,7533,6603,5634,4972,3945,2892,2180,1094,0,-735,-1837
24894000000,-2933,-4018,-4736,-5790,-6816,-7488,-8457,-9384,-9982,-10827,-11616,-12117,-12803,-13422,-13804,-14303
24896000000,-14726,-14972,-15262,-15470,-15570,-15638,-15620,-15569,-15408,-15164,-14962,-14579,-14115,-13768,-13176,-12509
24897000000,-12030,-11249,-10404,-9811,-8871,-7880,-7195,-6131,-5031,-4283,-3136,-1970,-1185,0,1185,1975
24899000000,3152,4313,5077,6199,7289,7997,9020,9995,10619,11503,12326,12840,13550,14187,14571,15078
24901000000,15503,15742,16026,16223,16307,16356,16317,16242,16054,15778,15548,15130,14629,14049,13620,12914
24902000000,12137,11582,10698,9756,9097,8070,6999,6263,5132,3974,3190,2000,801,0,-1202,-2397
24904000000,-3185,-4352,-5494,-6237,-7324,-8370,-9039,-10004,-10913,-11483,-12287,-13025,-13473,-14087,-14624,-14933
24906000000,-15334,-15651,-15810,-15984,-16069,-16073,-16012,-15865,-15713,-15424,-15051,-14751,-14245,-13662,-13227,-12525
24907000000,-11757,-11205,-10336,-9414,-8767,-7767,-6728,-6012,-4921,-3806,-3051,-1912,-765,0,1141,2274
24909000000,3019,4120,5195,5891,6908,7885,8505,9400,10241,10762,11501,12175,12780,13134,13617,14024
24911000000,14241,14517,14712,14786,14846,14826,14755,14600,14367,14157,13797,13363,13023,12474,11860,11406
24912000000,10692,9924,9376,8527,7638,7017,6070,5095,4428,3420,2399,1712,683,-342,-1021,-2030
24914000000,-3022,-3667,-4618,-5538,-6124,-6980,-7793,-8300,-9030,-9706,-10114,-10693,-11209,-11505,-11912,-12252
24916000000,-12426,-12650,-12803,-12851,-12886,-12851,-12774,-12623,-12405,-12208,-11882,-11493,-11187,-10701,-10161,-9760
24917000000,-9137,-8469,-7991,-7259,-6493,-5958,-5147,-4315,-3745,-2889,-2025,-1156,-577,285,1139,1699
24919000000,2527,3333,3852,4613,5342,5801,6468,7093,7475,8024,8525,8817,9231,9591,9784,10050
24921000000,10259,10349,10461,10515,10502,10459,10361,10247,10057,9814,9608,9281,8908,8619,8173,7687
24922000000,7330,6785,6210,5800,5181,4541,4096,3429,2751,2290,1602,913,454,-227,-899,-1339
24924000000,-1987,-2618,-3021,-3613,-4178,-4530,-5045,-5525,-5815,-6234,-6614,-6832,-7143,-7412,-7551,-7746
24926000000,-7897,-7956,-8032,-8062,-8042,-7999,-7913,-7786,-7661,-7466,-7233,-7042,-6750,-6425,-6178,-5803
24927000000,-5401,-5109,-4669,-4211,-3886,-3401,-2905,-2563,-2053,-1539,-1193,-680,-169,166,664,1151
24929000000,1465,1928,2374,2654,3066,3455,3692,4039,4359,4545,4816,5058,5188,5376,5533,5605
24931000000,5706,5775,5788,5803,5786,5742,5673,5574,5478,5332,5159,5016,4801,4564,4382,4111
24932000000,3822,3610,3295,2967,2735,2390,2038,1796,1436,1075,832,472,116,-117,-463,-800
24934000000,-1017,-1336,-1643,-1834,-2116,-2381,-2629,-2776,-2992,-3188,-3297,-3458,-3596,-3666,-3767,-3846
24936000000,-3876,-3917,-3936,-3925,-3909,-3871,-3823,-3751,-3660,-3579,-3458,-3321,-3211,-3048,-2872,-2738
24937000000,-2542,-2336,-2186,-1966,-1739,-1580,-1346,-1109,-947,-708,-470,-311,-77,151,300,520
24939000000,732,867,1065,1253,1369,1538,1696,1789,1926,2049,2117,2217,2303,2345,2406,2454
24941000000,2469,2492,2502,2491,2478,2451,2417,2369,2308,2253,2175,2085,2013,1909,1796,1710
24943000000,1586,1455,1360,1221,1079,933,832,684,536,435,288,142,46,-94,-232,-320
24944000000,-449,-574,-651,-765,-872,-936,-1031,-1118,-1167,-1240,-1304,-1338,-1388,-1429,-1446,-1473
24946000000,-1490,-1492,-1496,-1491,-1478,-1459,-1434,-1407,-1369,-1325,-1287,-1232,-1172,-1125,-1058,-985
24948000000,-931,-853,-773,-715,-631,-545,-486,-399,-312,-254,-168,-83,-28,53,132,182
24949000000,256,327,371,436,496,532,586,634,661,702,738,756,783,805,814,828
24951000000,836,841,837,834,825,814,798,779,760,735,706,681,648,610,582,542
24953000000,499,468,423,377,344,297,249,216,168,121,90,44,0,-30,-72,-114
24954000000,-140,-178,-214,-235,-268,-298,-315,-340,-364,-376,-394,-410,-417,-428,-437,-439
24956000000,-443,-445,-443,-440,-435,-428,-420,-409,-399,-385,-369,-356,-338,-319,-303,-282
24958000000,-260,-243,-220,-195,-178,-154,-129,-112,-87,-63,-47,-23,0,13,35,56
24959000000,76,88,106,123,133,148,162,169,181,190,195,203,209,212,216,218
24961000000,218,219,218,216,213,209,205,200,193,187,179,170,163,154,143,136
24963000000,124,113,105,93,81,72,60,49,40,29,17,9,0,-11,-18,-28
24964000000,-37,-43,-52,-60,-64,-71,-77,-81,-86,-91,-93,-97,-99,-100,-102,-103
24966000000,-103,-103,-103,-101,-100,-98,-96,-93,-90,-87,-84,-80,-76,-72,-67,-62
24968000000,-58,-53,-47,-43,-38,-32,-29,-23,-18,-14,-9,-4,0,3,8,11
24969000000,15,19,21,25,28,30,33,35,36,38,40,41,42,43,43,44
24971000000,44,43,43,42,42,41,40,39,38,36,35,32,31,29,27,25
24973000000,23,21,18,17,15,12,10,8,6,4,2,0,0,-3,-4,-6
24974000000,-7,-9,-10,-12,-13,-14,-15,-16,-16,-17,-18,-18,-18,-19,-19,-19
24976000000,-19,-19,-19,-18,-18,-18,-17,-17,-16,-16,-15,-14,-13,-13,-12,-11
24978000000,-10,-9,-9,-7,-7,-6,-5,-4,-3,-2,-2,-1,0,0,0,1
24979000000,1,2,3,3,3,4,4,5,5,5,5,5,5,6,5,6
24981000000,6,5,5,5,5,5,5,5,5,4,4,4,4,3,3,3
24983000000,2,2,1,1,1,1,0,0,0,0,0,0,-1,-1,-1,-1
24984000000,-2,-2,-2,-2,-2,-3,-3,-3,-3,-3,-3,-3,-3,-3,-3,-3
24986000000,-3,-3,-3,-3,-3,-3,-3,-3,-2,-2,-2,-2,-2,-2,-2,-2
24988000000,-2,-2,-2,-2,-1,-1,-1,-1,-1,-1,-1,-1,0,0,0,0
24989000000,0,0,0,0,0,0,0,0,0,0,0,0,0,0,0,0
24991000000,0,0,0,0,0,0,0,0,0,0,0,0,0,0,0,0
24993000000,0,0,0,0,0,0,0,0,0,0,0,0,-1,-1,-1,-1
24994000000,-1,-1,-1,-1,-1,-1,-1,-1,-1,-1,-1,-1,-1,-1,-1,-1
24996000000,-1,-1,-1,-1,-1,-1,-1,0,0,0,0,0,0,0,0,0
24998000000,0,0,0,0,0,0,0,0,0,0,0,0,0,0,0,0
24999000000,0,0,0,0,0,0,0,0,0,0,0,0,0,0,0,0
25001000000,0,0,0,0,0,0,0,0,0,0,0,0,0,0,0,0
25201000000,32755,32726,32607,32283,31783,31354,30569,29619,28896,27681,26317,25327,23729,22003,20785,18866
25203000000,16844,15445,13278,11038,8738,7178,4807,2409,803,-1608,-4011,-5602,-7962,-10278,-11793,-14010
25205000000,-16151,-17529,-19518,-21402,-22593,-24278,-25831,-26789,-28104,-29267,-29955,-30851,-31579,-31970,-32411,-32677
25206000000,-32756,-32727,-32520,-32284,-31784,-31112,-30570,-29620,-28509,-27682,-26318,-24810,-23730,-22004,-20158,-18867
25208000000,-16845,-14732,-13279,-11039,-8739,-7179,-4808,-2410,-804,1607,4010,5601,7961,10277,11792,14009
25210000000,16150,17528,19517,21401,22592,24277,25830,26788,28103,29266,29954,30850,31578,31969,32410,32676
25211000000,32755,32726,32519,32135,31783,31111,30271,29619,28508,27243,26317,24809,23168,22003,20157,18202
25213000000,16844,14731,12538,11038,8738,6392,4807,2409,0,-1608,-4011,-6393,-7962,-10278,-12539,-14010
25215000000,-16151,-18203,-19518,-21402,-23169,-24278,-25831,-27244,-28104,-29267,-30272,-30851,-31579,-32136,-32411,-32677
25216000000,-32766,-32727,-32520,-32136,-31784,-31112,-30272,-29620,-28509,-27244,-26318,-24810,-23169,-22004,-20158,-18203
25218000000,-16845,-14732,-12539,-11039,-8739,-6393,-4808,-2410,0,1607,4010,6392,7961,10277,12538,14731
25220000000,16150,18202,20157,21401,23168,24809,25830,27243,28508,29266,30271,31111,31578,32135,32519,32676
25221000000,32764,32676,32519,32135,31578,31111,30271,29266,28508,27243,25830,24809,23168,21401,20157,18202
25223000000,16150,14731,12538,10277,8738,6392,4010,2409,0,-2410,-4011,-6393,-8739,-10278,-12539,-14732
25225000000,-16151,-18203,-20158,-21402,-23169,-24810,-25831,-27244,-28509,-29267,-30272,-31112,-31579,-32136,-32520,-32677
25226000000,-32766,-32677,-32520,-32136,-31579,-31112,-30272,-29267,-28509,-27244,-25831,-24810,-23169,-21402,-19518,-18203
25228000000,-16151,-14010,-12539,-10278,-7962,-6393,-4011,-1608,0,2409,4807,6392,8738,11038,12538,14731
25230000000,16844,18202,20157,22003,23168,24809,26317,27243,28508,29619,30271,31111,31783,32135,32519,32726
25231000000,32764,32676,32410,32135,31578,30850,30271,29266,28103,27243,25830,24277,23168,21401,19517,18202
25233000000,16150,14009,12538,10277,7961,6392,4010,1607,0,-2410,-4808,-6393,-8739,-11039,-12539,-14732
25235000000,-16845,-18203,-20158,-22004,-23169,-24810,-26318,-27244,-28509,-29620,-30272,-31112,-31784,-32284,-32520,-32727
25236000000,-32756,-32677,-32411,-31970,-31579,-30851,-29955,-29267,-28104,-26789,-25831,-24278,-22593,-21402,-19518,-17529
25238000000,-16151,-14010,-11793,-10278,-7962,-5602,-4011,-1608,803,2409,4807,7178,8738,11038,13278,14731
25240000000,16844,18866,20157,22003,23729,24809,26317,27681,28508,29619,30569,31111,31783,32283,32519,32726
25241000000,32755,32676,32410,31969,31578,30850,29954,29266,28103,26788,25830,24277,22592,21401,19517,17528
25243000000,16150,14009,11792,10277,7961,5601,4010,1607,-804,-3212,-4808,-7179,-9512,-11039,-13279,-15446
25245000000,-16845,-18867,-20786,-22004,-23730,-25328,-26318,-27682,-28897,-29620,-30570,-31355,-31784,-32284,-32608,-32727
25246000000,-32756,-32608,-32411,-31970,-31355,-30851,-29955,-28897,-28104,-26789,-25328,-24278,-22593,-20786,-19518,-17529
25248000000,-15446,-14010,-11793,-9512,-7962,-5602,-3212,-1608,803,3211,4807,7178,9511,11038,13278,15445
25250000000,16844,18866,20785,22003,23729,25327,26317,27681,28896,29619,30569,31354,31783,32283,32607,32726
25251000000,32755,32607,32410,31969,31354,30850,29954,28896,27681,26788,25327,23729,22592,20785,18866,17528
25253000000,15445,13278,11792,9511,7178,5601,3211,803,-804,-3212,-5602,-7179,-9512,-11793,-13279,-15446
25255000000,-17529,-18867,-20786,-22593,-23730,-25328,-26789,-27682,-28897,-29955,-30570,-31355,-31970,-32284,-32608,-32756
25256000000,-32756,-32608,-32284,-31970,-31355,-30570,-29955,-28897,-27682,-26789,-25328,-23730,-22593,-20786,-18867,-17529
25258000000,-15446,-13279,-11793,-9512,-7179,-5602,-3212,-804,803,3211,5601,7178,9511,11792,13278,15445
25260000000,17528,18866,20785,22592,23729,25327,26788,28103,28896,29954,30850,31354,31969,32410,32607,32755
25261000000,32726,32607,32283,31783,31354,30569,29619,28896,27681,26317,25327,23729,22003,20785,18866,16844
25263000000,15445,13278,11038,9511,7178,4807,3211,803,-1608,-3212,-5602,-7962,-9512,-11793,-14010,-15446
25265000000,-17529,-19518,-20786,-22593,-24278,-25328,-26789,-28104,-28897,-29955,-30851,-31355,-31970,-32411,-32608,-32756
25266000000,-32727,-32608,-32284,-31784,-31355,-30570,-29620,-28897,-27682,-26318,-25328,-23730,-22004,-20786,-18867,-16845
25268000000,-15446,-13279,-11039,-8739,-7179,-4808,-2410,-804,1607,4010,5601,7961,10277,11792,14009,16150
25270000000,17528,19517,21401,22592,24277,25830,26788,28103,29266,29954,30850,31578,31969,32410,32676,32755
25271000000,32726,32519,32283,31783,31111,30569,29619,28508,27681,26317,24809,23729,22003,20157,18866,16844
25273000000,14731,13278,11038,8738,7178,4807,2409,803,-1608,-4011,-5602,-7962,-10278,-11793,-14010,-16151
25275000000,-17529,-19518,-21402,-22593,-24278,-25831,-26789,-28104,-29267,-29955,-30851,-31579,-31970,-32411,-32677,-32756
25276000000,-32727,-32520,-32136,-31784,-31112,-30272,-29620,-28509,-27244,-26318,-24810,-23169,-22004,-20158,-18203,-16845
25278000000,-14732,-12539,-11039,-8739,-6393,-4808,-2410,0,1607,4010,6392,7961,10277,12538,14009,16150
25280000000,18202,19517,21401,23168,24277,25830,27243,28103,29266,30271,30850,31578,32135,32410,32676,32764
25281000000,32726,32519,32135,31783,31111,30271,29619,28508,27243,26317,24809,23168,22003,20157,18202,16844
25283000000,14731,12538,11038,8738,6392,4807,2409,0,-1608,-4011,-6393,-7962,-10278,-12539,-14010,-16151
25285000000,-18203,-20158,-21402,-23169,-24810,-25831,-27244,-28509,-29267,-30272,-31112,-31579,-32136,-32520,-32677,-32766
25286000000,-32677,-32520,-32136,-31579,-31112,-30272,-29267,-28509,-27244,-25831,-24810,-23169,-21402,-20158,-18203,-16151
25288000000,-14732,-12539,-10278,-8739,-6393,-4011,-2410,0,2409,4010,6392,8738,10277,12538,14731,16150
25290000000,18202,20157,21401,23168,24809,25830,27243,28508,29266,30271,31111,31578,32135,32519,32676,32764
25291000000,32676,32519,32135,31578,31111,30271,29266,28508,27243,25830,24809,23168,21401,19517,18202,16150
25293000000,14009,12538,10277,7961,6392,4010,1607,0,-2410,-4808,-6393,-8739,-11039,-12539,-14732,-16845
25295000000,-18203,-20158,-22004,-23169,-24810,-26318,-27244,-28509,-29620,-30272,-31112,-31784,-32136,-32520,-32727,-32766
25296000000,-32677,-32411,-32136,-31579,-30851,-30272,-29267,-28104,-27244,-25831,-24278,-23169,-21402,-19518,-18203,-16151
25298000000,-14010,-12539,-10278,-7962,-6393,-4011,-1608,0,2409,4807,6392,8738,11038,12538,14731,16844
25300000000,18202,20157,22003,23168,24809,26317,27243,28508,29619,30271,31111,31783,32283,32519,32726,32755
25301000000,32676,32410,31969,31578,30850,29954,29266,28103,26788,25830,24277,22592,21401,19517,17528,16150
25303000000,14009,11792,10277,7961,5601,4010,1607,-804,-2410,-4808,-7179,-8739,-11039,-13279,-14732,-16845
25305000000,-18867,-20158,-22004,-23730,-24810,-26318,-27682,-28509,-29620,-30570,-31112,-31784,-32284,-32520,-32727,-32756
25306000000,-32677,-32411,-31970,-31579,-30851,-29955,-29267,-28104,-26789,-25831,-24278,-22593,-21402,-19518,-17529,-16151
25308000000,-14010,-11793,-10278,-7962,-5602,-4011,-1608,803,2409,4807,7178,9511,11038,13278,15445,16844
25310000000,18866,20785,22003,23729,25327,26317,27681,28896,29619,30569,31354,31783,32283,32607,32726,32755
25311000000,32607,32410,31969,31354,30850,29954,28896,28103,26788,25327,24277,22592,20785,19517,17528,15445
25313000000,14009,11792,9511,7961,5601,3211,1607,-804,-3212,-4808,-7179,-9512,-11039,-13279,-15446,-16845
25315000000,-18867,-20786,-22004,-23730,-25328,-26318,-27682,-28897,-29620,-30570,-31355,-31784,-32284,-32608,-32727,-32756
25316000000,-32608,-32411,-31970,-31355,-30851,-29955,-28897,-27682,-26789,-25328,-23730,-22593,-20786,-18867,-17529,-15446
25318000000,-13279,-11793,-9512,-7179,-5602,-3212,-804,803,3211,5601,7178,9511,11792,13278,15445,17528
25320000000,18866,20785,22592,23729,25327,26788,27681,28896,29954,30569,31354,31969,32283,32607,32755,32755
25321000000,32607,32283,31969,31354,30569,29954,28896,27681,26788,25327,23729,22592,20785,18866,17528,15445
25323000000,13278,11792,9511,7178,5601,3211,803,-804,-3212,-5602,-7179,-9512,-11793,-13279,-15446,-17529
25325000000,-18867,-20786,-22593,-23730,-25328,-26789,-28104,-28897,-29955,-30851,-31355,-31970,-32411,-32608,-32756,-32727
25326000000,-32608,-32284,-31784,-31355,-30570,-29620,-28897,-27682,-26318,-25328,-23730,-22004,-20786,-18867,-16845,-15446
25328000000,-13279,-11039,-9512,-7179,-4808,-3212,-804,1607,3211,5601,7961,9511,11792,14009,15445,17528
25330000000,19517,20785,22592,24277,25327,26788,28103,28896,29954,30850,31354,31969,32410,32607,32755,32726
25331000000,32607,32283,31783,31354,30569,29619,28896,27681,26317,25327,23729,22003,20785,18866,16844,15445
25333000000,13278,11038,9511,7178,4807,2409,803,-1608,-4011,-5602,-7962,-10278,-11793,-14010,-16151,-17529
25335000000,-19518,-21402,-22593,-24278,-25831,-26789,-28104,-29267,-29955,-30851,-31579,-31970,-32411,-32677,-32756,-32727
25336000000,-32520,-32284,-31784,-31112,-30570,-29620,-28509,-27682,-26318,-24810,-23730,-22004,-20158,-18867,-16845,-14732
25338000000,-13279,-11039,-8739,-7179,-4808,-2410,-804,1607,4010,5601,7961,10277,11792,14009,16150,17528
25340000000,19517,21401,22592,24277,25830,26788,28103,29266,29954,30850,31578,31969,32410,32676,32755,32726
25341000000,32519,32135,31783,31111,30271,29619,28508,27243,26317,24809,23168,22003,20157,18202,16844,14731
25343000000,12538,11038,8738,6392,4807,2409,0,-1608,-4011,-6393,-7962,-10278,-12539,-14010,-16151,-18203
25345000000,-19518,-21402,-23169,-24278,-25831,-27244,-28104,-29267,-30272,-30851,-31579,-32136,-32411,-32677,-32766,-32727
25346000000,-32520,-32136,-31784,-31112,-30272,-29620,-28509,-27244,-26318,-24810,-23169,-22004,-20158,-18203,-16845,-14732
25348000000,-12539,-11039,-8739,-6393,-4808,-2410,0,1607,4010,6392,7961,10277,12538,14009,16150,18202
25350000000,20157,21401,23168,24809,25830,27243,28508,29266,30271,31111,31578,32135,32519,32676,32764,32676
25351000000,32519,32135,31578,31111,30271,29266,28508,27243,25830,24809,23168,21401,20157,18202,16150,14731
25353000000,12538,10277,8738,6392,4010,2409,0,-2410,-4011,-6393,-8739,-10278,-12539,-14732,-16151,-18203
25355000000,-20158,-21402,-23169,-24810,-25831,-27244,-28509,-29267,-30272,-31112,-31579,-32136,-32520,-32677,-32766,-32677
25357000000,-32520,-32136,-31579,-31112,-30272,-29267,-28509,-27244,-25831,-24810,-23169,-21402,-20158,-18203,-16151,-14010
25358000000,-12539,-10278,-7962,-6393,-4011,-1608,0,2409,4807,6392,8738,11038,12538,14731,16844,18202
25360000000,20157,22003,23168,24809,26317,27243,28508,29619,30271,31111,31783,32135,32519,32726,32764,32676
25362000000,32410,32135,31578,30850,30271,29266,28103,27243,25830,24277,23168,21401,19517,18202,16150,14009
25363000000,12538,10277,7961,6392,4010,1607,0,-2410,-4808,-6393,-8739,-11039,-12539,-14732,-16845,-18203
25365000000,-20158,-22004,-23169,-24810,-26318,-27244,-28509,-29620,-30272,-31112,-31784,-32284,-32520,-32727,-32756,-32677
25367000000,-32411,-31970,-31579,-30851,-29955,-29267,-28104,-26789,-25831,-24278,-22593,-21402,-19518,-17529,-16151,-14010
25368000000,-11793,-10278,-7962,-5602,-4011,-1608,803,2409,4807,7178,8738,11038,13278,14731,16844,18866
25370000000,20157,22003,23729,24809,26317,27681,28508,29619,30569,31111,31783,32283,32519,32726,32755,32676
25372000000,32410,31969,31578,30850,29954,29266,28103,26788,25830,24277,22592,21401,19517,17528,16150,14009
25373000000,11792,10277,7961,5601,4010,1607,-804,-2410,-4808,-7179,-9512,-11039,-13279,-15446,-16845,-18867
25375000000,-20786,-22004,-23730,-25328,-26318,-27682,-28897,-29620,-30570,-31355,-31784,-32284,-32608,-32727,-32756,-32608
25377000000,-32411,-31970,-31355,-30851,-29955,-28897,-28104,-26789,-25328,-24278,-22593,-20786,-19518,-17529,-15446,-14010
25378000000,-11793,-9512,-7962,-5602,-3212,-1608,803,3211,4807,7178,9511,11038,13278,15445,16844,18866
25380000000,20785,22003,23729,25327,26317,27681,28896,29619,30569,31354,31783,32283,32607,32726,32755,32607
25382000000,32410,31969,31354,30850,29954,28896,28103,26788,25327,23729,22592,20785,18866,17528,15445,13278
25383000000,11792,9511,7178,5601,3211,803,-804,-3212,-5602,-7179,-9512,-11793,-13279,-15446,-17529,-18867
25385000000,-20786,-22593,-23730,-25328,-26789,-27682,-28897,-29955,-30570,-31355,-31970,-32284,-32608,-32756,-32756,-32608
25387000000,-32284,-31970,-31355,-30570,-29955,-28897,-27682,-26789,-25328,-23730,-22593,-20786,-18867,-17529,-15446,-13279
25388000000,-11793,-9512,-7179,-5602,-3212,-804,803,3211,5601,7178,9511,11792,13278,15445,17528,18866
25390000000,20785,22592,23729,25327,26788,28103,28896,29954,30850,31354,31969,32410,32607,32755,32726,32607
25392000000,32283,31783,31354,30569,29619,28896,27681,26317,25327,23729,22003,20785,18866,16844,15445,13278
25393000000,11038,9511,7178,4807,3211,803,-1608,-3212,-5602,-7962,-9512,-11793,-14010,-15446,-17529,-19518
25395000000,-20786,-22593,-24278,-25328,-26789,-28104,-28897,-29955,-30851,-31355,-31970,-32411,-32608,-32756,-32727,-32608
25397000000,-32284,-31784,-31355,-30570,-29620,-28897,-27682,-26318,-25328,-23730,-22004,-20786,-18867,-16845,-15446,-13279
25398000000,-11039,-9512,-7179,-4808,-2410,-804,1607,4010,5601,7961,10277,11792,14009,16150,17528,19517
25400000000,21401,22592,24277,25830,26788,28103,29266,29954,30850,31578,31969,32410,32676,32755,32726,32519
25600000000,0,0,0,0,0,0,0,0,0,0,0,0,0,0,0,0
25602000000,0,0,0,0,0,0,0,0,0,0,0,0,0,0,0,0
25604000000,0,0,0,0,0,0,0,0,0,0,0,0,0,0,0,0
25605000000,0,0,0,0,0,0,0,0,0,-1,0,0,0,0,0,0
25607000000,0,0,0,0,0,0,0,0,0,0,0,0,0,0,0,0
25609000000,0,0,0,0,0,0,0,0,0,0,0,0,0,0,0,0
25610000000,0,0,0,0,0,0,0,0,0,0,0,-1,-1,-1,-1,-1
25612000000,-1,-1,-1,-1,-1,-1,-1,-1,-1,-1,-1,-1,-1,-2,-2,-2
25614000000,-2,-2,-2,-2,-2,-2,-2,-2,-2,-2,-2,-2,-2,-2,-2,-2
25615000000,-2,-2,-1,-1,-1,-1,-1,-1,-1,-1,0,0,0,0,0,0
25617000000,0,0,0,0,0,0,1,1,1,1,2,2,2,2,2,2
25619000000,2,2,2,2,2,3,3,3,3,3,3,3,2,2,2,2
25620000000,2,2,1,1,1,0,0,0,0,0,0,-1,-2,-2,-2,-3
25622000000,-3,-4,-5,-5,-5,-6,-7,-7,-8,-8,-8,-9,-9,-10,-10,-10
25624000000,-11,-11,-11,-11,-12,-12,-12,-12,-12,-12,-11,-11,-11,-11,-10,-10
25625000000,-9,-9,-8,-7,-6,-6,-4,-4,-3,-1,0,0,1,3,4,5
25627000000,6,7,9,10,11,13,14,16,17,18,19,20,21,22,23,24
25629000000,25,25,26,26,27,27,27,27,26,26,26,25,25,23,22,21
25630000000,20,18,17,15,12,11,8,5,4,1,-2,-4,-7,-10,-13,-16
25632000000,-20,-22,-26,-29,-32,-35,-39,-41,-44,-47,-50,-52,-55,-57,-59,-61
25634000000,-63,-64,-65,-66,-67,-67,-67,-67,-66,-65,-64,-63,-60,-59,-56,-52
25635000000,-50,-45,-41,-38,-32,-27,-23,-16,-10,-5,1,8,13,21,29,34
25637000000,42,50,56,64,72,77,85,92,97,104,111,116,121,126,130,134
25639000000,138,141,143,145,146,147,146,146,144,141,140,135,130,126,119,111
25640000000,106,97,86,80,68,55,47,33,19,9,-6,-22,-32,-49,-66,-77
25642000000,-94,-111,-123,-140,-157,-168,-184,-200,-214,-224,-238,-250,-259,-270,-279,-286
25644000000,-294,-299,-303,-307,-308,-310,-308,-305,-303,-297,-289,-283,-272,-258,-249,-233
25645000000,-214,-202,-181,-158,-142,-116,-89,-71,-41,-11,9,41,74,96,130,164
25647000000,187,221,255,278,311,343,365,395,424,444,470,494,511,531,549,563
25649000000,576,586,594,600,601,604,600,593,589,576,559,548,525,498,480,448
25650000000,412,387,345,301,270,221,168,114,76,18,-41,-82,-144,-207,-250,-313
25652000000,-377,-421,-484,-545,-588,-647,-704,-744,-796,-846,-881,-924,-963,-991,-1023,-1050
25654000000,-1069,-1087,-1100,-1109,-1111,-1107,-1106,-1091,-1070,-1056,-1024,-985,-959,-910,-853,-816
25655000000,-749,-677,-628,-546,-460,-401,-306,-208,-140,-36,70,143,254,366,442,555
25657000000,667,744,854,962,1036,1139,1238,1306,1397,1482,1540,1615,1681,1728,1781,1825
25659000000,1857,1886,1905,1913,1920,1910,1890,1877,1839,1788,1755,1686,1606,1553,1455,1347
25660000000,1274,1149,1015,924,776,621,515,348,175,58,-121,-304,-429,-615,-802,-930
25662000000,-1116,-1299,-1424,-1601,-1773,-1890,-2051,-2204,-2308,-2445,-2572,-2658,-2763,-2856,-2920,-2988
25664000000,-3042,-3078,-3105,-3115,-3122,-3103,-3066,-3041,-2974,-2890,-2832,-2717,-2585,-2496,-2336,-2160
25665000000,-2040,-1838,-1622,-1476,-1238,-989,-820,-554,-280,-95,189,477,673,965,1258,1456
25667000000,1745,2029,2307,2496,2760,3014,3186,3418,3636,3783,3973,4144,4259,4396,4511,4588
25669000000,4664,4715,4748,4757,4739,4726,4664,4574,4512,4378,4217,4106,3902,3673,3516,3246
25670000000,2954,2755,2428,2082,1847,1474,1086,823,415,0,-282,-709,-1138,-1428,-1858,-2283
25672000000,-2570,-2984,-3388,-3660,-4042,-4408,-4652,-4986,-5296,-5503,-5771,-6012,-6170,-6361,-6519,-6620
25674000000,-6721,-6787,-6826,-6829,-6795,-6767,-6669,-6533,-6436,-6236,-5999,-5834,-5537,-5205,-4976,-4588
25675000000,-4171,-3725,-3419,-2929,-2417,-2068,-1523,-962,-582,0,587,984,1579,2172,2571,3156
25677000000,3731,4116,4667,5200,5554,6048,6515,6824,7240,7620,7868,8186,8462,8638,8841,8998
25679000000,9092,9168,9196,9203,9144,9036,8951,8757,8513,8337,8010,7635,7373,6922,6428,6086
25680000000,5524,4927,4517,3864,3183,2720,2000,1260,761,0,-770,-1288,-2062,-2833,-3348,-4104
25682000000,-4844,-5336,-6043,-6724,-7172,-7800,-8391,-8777,-9299,-9776,-10081,-10474,-10813,-11095,-11268,-11453
25684000000,-11576,-11640,-11658,-11613,-11563,-11411,-11195,-11030,-10708,-10325,-10050,-9568,-9029,-8651,-8023,-7346
25685000000,-6878,-6126,-5335,-4793,-3944,-3067,-2472,-1557,-627,0,944,1892,2525,3464,4392,5006
25687000000,5902,6773,7344,8161,8938,9443,10146,10798,11215,11773,12272,12582,12972,13294,13483,13686
25689000000,13815,13873,13877,13805,13728,13529,13256,13044,12647,12178,11838,11255,10607,10150,9401,8596
25690000000,8038,7150,6217,5579,4584,3560,2865,1801,723,0,-1091,-2182,-3265,-3983,-5043,-6079
25692000000,-6759,-7746,-8694,-9308,-10181,-11002,-11526,-12251,-12911,-13322,-13868,-14340,-14621,-14964,-15227,-15365
25694000000,-15490,-15530,-15519,-15418,-15233,-15071,-14747,-14341,-14033,-13495,-12883,-12440,-11709,-10911,-10351,-9452
25695000000,-8500,-7841,-6811,-5740,-5009,-3885,-2736,-1962,-788,392,1181,2359,3527,4298,5434,6543
25697000000,7265,8315,9321,9967,10888,11750,12294,13050,13736,14155,14715,15196,15474,15816,16073,16198
25699000000,16308,16329,16296,16169,15954,15764,15405,14961,14620,14042,13387,12659,12135,11294,10391,9757
25700000000,8764,7722,7004,5896,4755,3980,2800,1605,803,-402,-1606,-2404,-3590,-4756,-5520,-6640
25702000000,-7723,-8423,-9434,-10393,-11002,-11865,-12664,-13159,-13841,-14449,-14810,-15285,-15678,-15892,-16142,-16304
25704000000,-16364,-16378,-16304,-16206,-15985,-15678,-15426,-14978,-14449,-14052,-13395,-12664,-12139,-11297,-10393,-9759
25705000000,-8765,-7723,-7005,-5897,-4756,-3981,-2801,-1606,-804,401,1605,2403,3589,4755,5519,6639
25707000000,7722,8422,9433,10392,11001,11864,12663,13394,13840,14448,14977,15284,15677,15984,16141,16303
25709000000,16377,16377,16303,16141,15984,15677,15284,14977,14448,13840,13394,12663,11864,11296,10392,9433
25710000000,8764,7722,6639,5896,4755,3589,2800,1605,401,-402,-1606,-2801,-3590,-4756,-5897,-6640
25712000000,-7723,-8765,-9434,-10393,-11297,-11865,-12664,-13395,-13841,-14449,-14978,-15285,-15678,-15985,-16142,-16304
25714000000,-16378,-16378,-16304,-16142,-15985,-15678,-15285,-14978,-14449,-13841,-13395,-12664,-11865,-11297,-10393,-9434
25715000000,-8765,-7723,-6640,-5897,-4756,-3590,-2404,-1606,-402,803,1605,2800,3980,4755,5896,7004
25717000000,7722,8764,9758,10392,11296,12138,12663,13394,14051,14448,14977,15425,15677,15984,16205,16303
25719000000,16377,16363,16303,16141,15891,15677,15284,14809,14448,13840,13158,12663,11864,11001,10392,9433
25720000000,8422,7722,6639,5519,4755,3589,2403,1605,401,-804,-1606,-2801,-3981,-4756,-5897,-7005
25722000000,-7723,-8765,-9759,-10393,-11297,-12139,-12664,-13395,-14052,-14449,-14978,-15426,-15678,-15985,-16206,-16304
25724000000,-16378,-16364,-16304,-16142,-15892,-15556,-15285,-14810,-14255,-13841,-13159,-12405,-11865,-11002,-10079,-9434
25725000000,-8423,-7366,-6640,-5520,-4370,-3590,-2404,-1205,-402,803,2005,2800,3980,5138,5896,7004
25727000000,8075,8764,9758,10700,11296,12138,12915,13394,14051,14633,14977,15425,15789,15984,16205,16338
25729000000,16377,16363,16259,16141,15891,15555,15284,14809,14254,13840,13158,12404,11864,11001,10078,9433
25730000000,8422,7365,6639,5519,4369,3589,2403,1204,401,-804,-2006,-2801,-3981,-5139,-5897,-7005
25732000000,-8076,-9102,-9759,-10701,-11585,-12139,-12916,-13622,-14052,-14634,-15136,-15426,-15790,-16068,-16206,-16339
25734000000,-16383,-16364,-16260,-16068,-15892,-15556,-15136,-14810,-14255,-13622,-13159,-12405,-11585,-11002,-10079,-9102
25735000000,-8423,-7366,-6270,-5520,-4370,-3197,-2404,-1205,0,803,2005,3196,3980,5138,6269,7004
25737000000,8075,9101,9758,10700,11584,12138,12915,13621,14051,14633,15135,15425,15789,16067,16205,16338
25739000000,16382,16363,16259,16067,15891,15555,15135,14809,14254,13621,13158,12404,11584,11001,10078,9101
25740000000,8075,7365,6269,5138,4369,3196,2005,1204,0,-1205,-2006,-3197,-4370,-5139,-6270,-7366
25742000000,-8076,-9102,-10079,-10701,-11585,-12405,-12916,-13622,-14255,-14634,-15136,-15556,-15790,-16068,-16260,-16339
25744000000,-16383,-16339,-16260,-16068,-15790,-15556,-15136,-14634,-14255,-13622,-12916,-12405,-11585,-10701,-10079,-9102
25745000000,-8076,-7366,-6270,-5139,-4370,-3197,-2006,-1205,0,1204,2005,3196,4369,5138,6269,7365
25747000000,8075,9101,10078,10700,11584,12404,12915,13621,14254,14633,15135,15555,15789,16067,16259,16363
25749000000,16382,16338,16205,16067,15789,15425,15135,14633,14051,13621,12915,12138,11584,10700,9758,9101
25750000000,8075,7004,6269,5138,3980,3196,2005,803,0,-1205,-2404,-3197,-4370,-5520,-6270,-7366
25752000000,-8423,-9102,-10079,-11002,-11585,-12405,-13159,-13622,-14255,-14810,-15136,-15556,-15892,-16068,-16260,-16364
25754000000,-16383,-16339,-16206,-16068,-15790,-15426,-15136,-14634,-14052,-13622,-12916,-12139,-11585,-10701,-9759,-9102
25755000000,-8076,-7005,-6270,-5139,-3981,-3197,-2006,-804,0,1204,2403,3589,4369,5519,6639,7365
25757000000,8422,9433,10078,11001,11864,12404,13158,13840,14254,14809,15284,15555,15891,16141,16259,16363
25759000000,16377,16338,16205,15984,15789,15425,14977,14633,14051,13394,12915,12138,11296,10700,9758,8764
25760000000,8075,7004,5896,5138,3980,2800,2005,803,-402,-1205,-2404,-3590,-4370,-5520,-6640,-7366
25762000000,-8423,-9434,-10079,-11002,-11865,-12405,-13159,-13841,-14255,-14810,-15285,-15556,-15892,-16142,-16260,-16364
25764000000,-16378,-16339,-16206,-15985,-15790,-15426,-14978,-14634,-14052,-13395,-12664,-12139,-11297,-10393,-9759,-8765
25765000000,-7723,-7005,-5897,-4756,-3981,-2801,-1606,-804,401,1605,2403,3589,4755,5519,6639,7722
25767000000,8422,9433,10392,11001,11864,12663,13158,13840,14448,14809,15284,15677,15891,16141,16303,16363
25769000000,16377,16303,16205,15984,15677,15425,14977,14448,14051,13394,12663,12138,11296,10392,9758,8764
25770000000,7722,7004,5896,4755,3980,2800,1605,803,-402,-1606,-2404,-3590,-4756,-5520,-6640,-7723
25772000000,-8423,-9434,-10393,-11002,-11865,-12664,-13159,-13841,-14449,-14978,-15285,-15678,-15985,-16142,-16304,-16378
25774000000,-16378,-16304,-16142,-15985,-15678,-15285,-14978,-14449,-13841,-13395,-12664,-11865,-11297,-10393,-9434,-8765
25776000000,-7723,-6640,-5897,-4756,-3590,-2801,-1606,-402,401,1605,2800,3589,4755,5896,6639,7722
25777000000,8764,9433,10392,11296,11864,12663,13394,13840,14448,14977,15284,15677,15984,16141,16303,16377
25779000000,16377,16303,16141,15984,15677,15284,14977,14448,13840,13394,12663,11864,11296,10392,9433,8764
25781000000,7722,6639,5896,4755,3589,2403,1605,401,-804,-1606,-2801,-3981,-4756,-5897,-7005,-7723
25782000000,-8765,-9759,-10393,-11297,-12139,-12664,-13395,-14052,-14449,-14978,-15426,-15678,-15985,-16206,-16304,-16378
25784000000,-16364,-16304,-16142,-15892,-15678,-15285,-14810,-14449,-13841,-13159,-12664,-11865,-11002,-10393,-9434,-8423
25786000000,-7723,-6640,-5520,-4756,-3590,-2404,-1606,-402,803,1605,2800,3980,4755,5896,7004,7722
25787000000,8764,9758,10392,11296,12138,12663,13394,14051,14448,14977,15425,15677,15984,16205,16303,16377
25789000000,16363,16303,16141,15891,15555,15284,14809,14254,13840,13158,12404,11864,11001,10078,9433,8422
25791000000,7365,6639,5519,4369,3589,2403,1204,401,-804,-2006,-2801,-3981,-5139,-5897,-7005,-8076
25792000000,-8765,-9759,-10701,-11297,-12139,-12916,-13395,-14052,-14634,-14978,-15426,-15790,-15985,-16206,-16339,-16378
25794000000,-16364,-16260,-16142,-15892,-15556,-15285,-14810,-14255,-13841,-13159,-12405,-11865,-11002,-10079,-9434,-8423
25796000000,-7366,-6640,-5520,-4370,-3590,-2404,-1205,-402,803,2005,2800,3980,5138,5896,7004,8075
25797000000,8764,9758,10700,11584,12138,12915,13621,14051,14633,15135,15425,15789,16067,16205,16338,16382
25799000000,16363,16259,16067,15891,15555,15135,14809,14254,13621,13158,12404,11584,11001,10078,9101,8422
25801000000,7364,6267,5517,4367,3194,2401,1203,0,-804,-2003,-3192,-3974,-5128,-6254,-6985,-8049
25802000000,-9068,-9719,-10652,-11525,-12070,-12835,-13529,-13947,-14514,-15003,-15279,-15628,-15891,-16015,-16133,-16164
25804000000,-16130,-16013,-15810,-15622,-15276,-14849,-14515,-13955,-13322,-12854,-12104,-11290,-10710,-9799,-8838,-7831
25806000000,-7134,-6064,-4964,-4215,-3079,-1929,-1158,0,1152,1916,3049,4162,4888,5953,6983,7642
25807000000,8599,9506,10075,10886,11636,12092,12729,13295,13621,14061,14423,14609,14836,14982,15023,15031
25809000000,14958,14853,14645,14358,14114,13701,13215,12842,12243,11580,11095,10335,9523,8947,8059,7131
25811000000,6487,5507,4502,3817,2784,1742,1043,0,-1039,-1724,-2740,-3734,-4379,-5326,-6238,-6819
25812000000,-7662,-8459,-8953,-9662,-10314,-10704,-11253,-11738,-12010,-12382,-12683,-12830,-13013,-13123,-13162,-13132
25814000000,-13051,-12899,-12745,-12479,-12148,-11877,-11441,-10946,-10572,-9986,-9351,-8890,-8181,-7432,-6905,-6102
25816000000,-5273,-4701,-3838,-2961,-2368,-1480,-591,0,877,1743,2308,3143,3954,4472,5231,5957
25817000000,6409,7066,7680,8051,8582,9063,9340,9729,10062,10237,10472,10649,10717,10794,10811,10772
25819000000,10692,10554,10414,10183,9900,9666,9299,8885,8570,8085,7560,7178,6597,5985,5553,4901
25821000000,4229,3765,3070,2365,1889,1178,469,0,-698,-1384,-1830,-2488,-3125,-3738,-4123,-4689
25822000000,-5222,-5547,-6021,-6456,-6711,-7077,-7401,-7578,-7827,-8030,-8124,-8250,-8330,-8341,-8343,-8300
25824000000,-8230,-8113,-7954,-7808,-7581,-7315,-7102,-6778,-6420,-6151,-5745,-5312,-5000,-4530,-4042,-3700
25826000000,-3189,-2667,-2309,-1777,-1242,-884,-352,173,519,1029,1527,1846,2316,2768,3050,3463
25827000000,3852,4087,4430,4744,4925,5188,5418,5540,5715,5856,5917,6001,6051,6051,6045,6005
25829000000,5947,5855,5732,5620,5449,5251,5092,4852,4590,4307,4097,3783,3453,3218,2867,2506
25831000000,2256,1883,1507,1251,873,496,246,-123,-486,-721,-1068,-1404,-1616,-1928,-2224,-2405
25832000000,-2672,-2919,-3065,-3278,-3469,-3574,-3728,-3859,-3922,-4014,-4082,-4102,-4131,-4136,-4116,-4084
25834000000,-4030,-3971,-3883,-3775,-3681,-3543,-3388,-3266,-3085,-2891,-2746,-2533,-2310,-2149,-1913,-1670
25836000000,-1501,-1252,-1001,-830,-579,-329,-163,79,318,472,699,918,1056,1258,1450,1567
25837000000,1738,1897,1988,2124,2245,2310,2407,2488,2554,2581,2621,2646,2646,2646,2632,2606
25839000000,2568,2517,2467,2396,2312,2243,2142,2031,1945,1820,1688,1590,1448,1300,1196,1042
25841000000,887,779,621,464,358,202,49,-50,-198,-341,-432,-567,-695,-774,-890,-1000
25842000000,-1064,-1159,-1247,-1295,-1367,-1430,-1462,-1509,-1547,-1561,-1583,-1597,-1594,-1592,-1581,-1564
25844000000,-1539,-1507,-1475,-1431,-1379,-1336,-1274,-1206,-1154,-1079,-999,-940,-855,-767,-705,-614
25846000000,-521,-458,-365,-272,-210,-119,-30,57,113,196,276,326,399,469,511,573
25847000000,631,663,712,756,779,814,844,857,877,892,896,902,903,897,890,878
25849000000,864,845,821,800,770,736,709,671,629,598,553,506,472,422,372,337
25851000000,285,234,199,148,97,63,15,-32,-63,-108,-151,-178,-218,-255,-278,-311
25852000000,-342,-359,-385,-408,-419,-438,-453,-460,-470,-477,-478,-481,-481,-477,-473,-466
25854000000,-458,-447,-434,-419,-406,-388,-368,-352,-330,-307,-289,-265,-239,-221,-194,-168
25856000000,-149,-122,-95,-77,-51,-26,-9,15,38,53,76,96,109,128,146,156
25857000000,171,185,193,204,214,218,226,232,234,237,239,239,238,236,233,230
25859000000,225,220,213,205,199,189,179,172,160,149,140,128,115,106,93,80
25861000000,71,57,45,36,23,11,2,-8,-20,-27,-37,-47,-53,-62,-71,-75
25862000000,-83,-89,-95,-98,-103,-107,-108,-110,-112,-113,-114,-114,-113,-112,-110,-108
25864000000,-106,-103,-100,-96,-92,-89,-84,-79,-75,-70,-64,-60,-54,-48,-44,-38
25866000000,-31,-27,-21,-16,-12,-6,0,2,7,12,15,20,24,26,30,33
25867000000,35,38,41,42,44,45,46,47,48,48,48,49,48,47,46,46
25869000000,45,43,42,40,39,37,35,33,31,28,26,24,22,19,17,14
25871000000,12,9,7,5,2,1,0,-3,-4,-6,-8,-9,-11,-13,-14,-15
25872000000,-16,-17,-18,-19,-19,-20,-21,-21,-21,-21,-21,-21,-21,-20,-20,-20
25874000000,-19,-19,-18,-18,-17,-16,-15,-14,-14,-13,-12,-11,-10,-9,-8,-7
25876000000,-6,-5,-4,-3,-2,-1,0,0,0,1,2,2,3,3,4,4
25877000000,5,5,6,6,6,6,6,7,6,7,7,6,6,6,6,6
25879000000,6,5,5,5,5,4,4,4,4,3,3,2,2,2,1,1
25881000000,1,0,0,0,0,0,0,-1,-1,-1,-2,-2,-2,-2,-3,-3
25882000000,-3,-3,-3,-3,-3,-3,-4,-4,-3,-3,-3,-3,-3,-3,-3,-3
25884000000,-3,-3,-3,-3,-3,-3,-3,-3,-2,-2,-2,-2,-2,-2,-1,-1
25886000000,-1,-1,-1,-1,-1,-1,0,0,0,0,0,0,0,0,0,0
25887000000,0,0,0,0,0,0,0,0,0,0,0,0,0,0,0,0
25889000000,0,0,0,0,0,0,0,0,0,0,0,0,0,0,0,0
25891000000,0,0,0,0,0,0,-1,-1,-1,-1,-1,-1,-1,-1,-1,-1
25892000000,-1,-1,-1,-1,-1,-1,-1,-1,-1,-1,-1,-1,-1,-1,-1,-1
25894000000,-1,-1,-1,-1,-1,-1,-1,0,0,0,0,0,0,0,0,0
25896000000,0,0,0,0,0,0,0,0,0,0,0,0,0,0,0,0
25897000000,0,0,0,0,0,0,0,0,0,0,0,0,0,0,0,0
25899000000,0,0,0,0,0,0,0,0,0,0,0,0,0,0,0,0
26001000000,0,0,0,0,0,0,0,0,0,0,0,0,0,0,0,0
26003000000,0,0,0,0,0,0,0,0,0,0,0,0,0,0,0,0
26004000000,0,0,0,0,0,0,0,0,0,0,0,0,0,0,0,0
26006000000,0,0,0,0,0,0,0,0,0,-1,-1,-1,-1,-1,-1,-1
26008000000,-1,-1,-1,-1,-1,-1,-1,-1,-1,-1,-1,-1,0,0,0,0
26009000000,0,0,0,0,0,0,0,0,0,0,0,0,0,0,0,0
26011000000,0,0,0,0,0,0,0,0,0,0,0,0,0,0,0,0
26013000000,0,0,0,0,0,0,0,0,0,0,0,0,0,-1,-1,-1
26014000000,-1,-1,-1,-1,-1,-1,-1,-2,-2,-2,-2,-2,-2,-2,-2,-2
26016000000,-2,-2,-2,-2,-2,-2,-2,-2,-3,-3,-3,-3,-3,-3,-2,-2
26018000000,-2,-2,-2,-2,-2,-2,-2,-1,-1,-1,-1,-1,0,0,0,0
26019000000,0,0,0,0,1,1,1,2,2,2,3,3,3,3,3,4
26021000000,4,4,4,4,4,4,4,5,5,5,4,5,5,4,4,4
26023000000,4,3,3,3,2,2,2,1,1,0,0,0,-1,-1,-2,-3
26024000000,-3,-4,-5,-5,-6,-7,-8,-9,-9,-10,-11,-11,-12,-13,-13,-14
26026000000,-15,-15,-15,-15,-16,-16,-16,-17,-16,-17,-16,-16,-16,-16,-15,-15
26028000000,-14,-13,-12,-11,-10,-10,-8,-7,-6,-4,-3,-2,0,1,2,4
26029000000,6,8,10,12,13,15,17,19,21,22,24,26,28,29,30,32
26031000000,33,34,35,36,36,37,38,38,38,38,37,37,36,35,34,33
26033000000,31,29,28,25,23,21,17,14,10,8,4,0,-2,-6,-11,-14
26034000000,-19,-24,-27,-32,-37,-40,-45,-49,-53,-57,-61,-65,-68,-72,-75,-78
26036000000,-81,-83,-86,-87,-89,-90,-91,-91,-91,-90,-90,-88,-86,-85,-81,-77
26038000000,-75,-70,-65,-61,-55,-48,-43,-36,-27,-22,-13,-4,2,12,22,29
26039000000,39,50,57,68,78,86,97,107,114,124,133,140,148,156,162,169
26041000000,175,179,184,188,191,193,194,194,195,193,189,188,183,176,172,164
26043000000,154,148,136,123,114,100,84,73,56,37,25,5,-14,-28,-49,-71
26044000000,-86,-108,-130,-145,-167,-189,-204,-225,-246,-260,-279,-297,-310,-326,-340,-351
26046000000,-363,-373,-381,-388,-394,-398,-400,-399,-399,-395,-388,-384,-373,-360,-351,-333
26048000000,-313,-300,-276,-250,-233,-203,-171,-150,-115,-78,-53,-14,25,53,95,138
26049000000,167,210,253,296,326,368,409,438,477,514,541,575,606,629,657,681
26051000000,699,717,732,744,753,758,763,760,754,750,736,718,706,680,649,628
26053000000,590,547,518,469,415,379,318,255,212,143,72,23,-51,-127,-180,-258
26054000000,-337,-392,-471,-550,-604,-680,-755,-807,-877,-944,-991,-1052,-1109,-1148,-1196,-1239
26056000000,-1269,-1302,-1328,-1347,-1361,-1369,-1375,-1369,-1356,-1348,-1321,-1286,-1263,-1215,-1158,-1120
26058000000,-1051,-973,-889,-832,-736,-633,-564,-452,-334,-254,-129,0,86,220,355,447
26059000000,584,721,814,949,1082,1173,1300,1423,1507,1620,1727,1801,1895,1981,2040,2111
26061000000,2170,2212,2253,2283,2304,2313,2310,2308,2283,2243,2218,2156,2081,2031,1934,1824
26063000000,1750,1619,1477,1380,1219,1047,931,744,549,417,210,0,-145,-363,-584,-734
26064000000,-957,-1179,-1330,-1547,-1760,-1905,-2109,-2305,-2438,-2618,-2787,-2902,-3050,-3184,-3275,-3383
26066000000,-3474,-3548,-3598,-3640,-3663,-3679,-3668,-3637,-3615,-3549,-3462,-3402,-3280,-3137,-3040,-2864
26068000000,-2668,-2535,-2309,-2067,-1902,-1633,-1350,-1157,-854,-541,-328,0,331,557,896,1236
26069000000,1466,1804,2137,2362,2684,2997,3208,3501,3779,3967,4217,4448,4603,4799,4971,5086
26071000000,5217,5320,5388,5444,5472,5488,5465,5411,5372,5267,5130,5035,4848,4631,4481,4216
26073000000,3923,3723,3386,3026,2781,2384,1968,1685,1241,784,474,0,-482,-969,-1297,-1785
26074000000,-2271,-2597,-3073,-3538,-3849,-4292,-4717,-5000,-5391,-5757,-5999,-6320,-6610,-6800,-7035,-7234
26076000000,-7362,-7499,-7596,-7654,-7682,-7669,-7652,-7567,-7440,-7346,-7147,-6906,-6736,-6427,-6077,-5835
26078000000,-5423,-4976,-4669,-4168,-3637,-3275,-2700,-2104,-1700,-1073,-433,0,654,1314,1758,2417
26079000000,3071,3508,4145,4766,5179,5767,6330,6702,7216,7696,8010,8427,8803,9044,9344,9597
26081000000,9754,9922,10037,10100,10125,10094,10058,9934,9754,9619,9345,9018,8639,8370,7905,7392
26083000000,7036,6447,5817,5385,4693,3968,3474,2704,1911,1374,552,-279,-838,-1679,-2517,-3078
26084000000,-3905,-4717,-5256,-6036,-6789,-7284,-7985,-8647,-9078,-9669,-10212,-10560,-11015,-11414,-11663,-11962
26086000000,-12198,-12335,-12461,-12520,-12537,-12483,-12359,-12254,-12016,-11710,-11482,-11066,-10586,-10244,-9663,-9024
26088000000,-8578,-7850,-7074,-6540,-5692,-4808,-4204,-3268,-2307,-1657,-667,333,1003,2010,3011,3676
26089000000,4659,5621,6255,7174,8059,8636,9454,10225,10721,11404,12029,12592,12941,13393,13773,13999
26091000000,14256,14437,14526,14576,14547,14495,14332,14091,13897,13526,13079,12749,12180,11542,11088,10342
26093000000,9535,8973,8075,7130,6480,5466,4417,3704,2611,1499,751,-378,-1510,-2264,-3386,-4495
26094000000,-5225,-6296,-7336,-8014,-8990,-9920,-10518,-11361,-12144,-12638,-13312,-13917,-14285,-14764,-15164,-15392
26096000000,-15654,-15831,-15909,-15943,-15890,-15812,-15615,-15332,-15102,-14679,-14175,-13800,-13167,-12461,-11955,-11135
26098000000,-10254,-9637,-8662,-7638,-6933,-5840,-4714,-3561,-2780,-1595,-400,398,1596,2786,3573,4737
26099000000,5875,6619,7702,8744,9415,10376,11281,11852,12653,13385,13834,14443,14973,15282,15675,15983
26101000000,16140,16302,16375,16374,16298,16134,15974,15664,15268,14957,14425,13814,13364,12631,11829,11258
26103000000,10353,9393,8722,7681,6600,5858,4722,3561,2777,1590,397,-398,-1589,-2768,-3545,-4692
26104000000,-5812,-6539,-7599,-8616,-9264,-10196,-11071,-11616,-12385,-13084,-13505,-14081,-14579,-14861,-15223,-15502
26106000000,-15634,-15770,-15819,-15798,-15704,-15525,-15262,-15034,-14635,-14159,-13791,-13190,-12520,-12029,-11251,-10415
26108000000,-9821,-8899,-7931,-7259,-6229,-5169,-4445,-3349,-2238,-1493,-373,742,1481,2580,3659,4362
26109000000,5397,6398,7038,7970,8854,9407,10201,10936,11382,12009,12568,12891,13330,13694,13882,14118
26111000000,14275,14324,14351,14299,14209,14029,13773,13549,13173,12727,12380,11825,11209,10756,10047,9288
26113000000,8747,7915,7045,6439,5518,4572,3927,2954,1971,1312,326,-654,-1301,-2261,-3202,-3812
26114000000,-4710,-5576,-6126,-6927,-7686,-8397,-8832,-9456,-10023,-10357,-10824,-11229,-11450,-11747,-11978,-12079
26116000000,-12198,-12249,-12230,-12171,-12045,-11909,-11677,-11384,-11139,-10748,-10302,-9960,-9430,-8851,-8430,-7783
26118000000,-7099,-6616,-5881,-5120,-4595,-3803,-2997,-2451,-1634,-816,-271,537,1336,1858,2629,3378
26119000000,3857,4561,5233,5652,6263,6834,7178,7675,8126,8385,8752,9068,9234,9461,9635,9704
26121000000,9786,9814,9787,9726,9613,9492,9295,9050,8843,8522,8157,7877,7447,6982,6640,6122
26123000000,5577,5008,4607,4006,3390,2967,2335,1698,1269,632,0,-418,-1035,-1640,-2030,-2605
26124000000,-3158,-3507,-4018,-4501,-4796,-5226,-5623,-5855,-6190,-6487,-6650,-6881,-7071,-7160,-7282,-7362
26126000000,-7377,-7389,-7360,-7303,-7209,-7077,-6952,-6760,-6533,-6349,-6070,-5761,-5527,-5175,-4799,-4526
26128000000,-4118,-3693,-3393,-2947,-2490,-2177,-1711,-1243,-928,-462,0,302,750,1188,1469,1883
26129000000,2281,2530,2895,3239,3447,3751,4031,4191,4426,4633,4742,4901,5030,5087,5166,5217
26131000000,5238,5222,5195,5140,5074,4975,4850,4740,4574,4387,4239,4018,3779,3599,3334,3054
26133000000,2853,2555,2248,2033,1716,1394,1175,852,529,315,0,-311,-514,-811,-1099,-1282
26134000000,-1550,-1805,-1962,-2192,-2406,-2532,-2716,-2883,-2975,-3110,-3225,-3281,-3363,-3425,-3445,-3474
26136000000,-3484,-3468,-3446,-3405,-3358,-3287,-3201,-3124,-3011,-2884,-2783,-2635,-2474,-2354,-2178,-1993
26138000000,-1859,-1663,-1461,-1320,-1113,-903,-761,-551,-343,-204,0,198,327,518,701,877
26139000000,987,1148,1299,1390,1524,1647,1717,1820,1911,1958,2028,2085,2109,2145,2169,2170
26141000000,2173,2164,2144,2116,2077,2037,1981,1915,1859,1778,1689,1620,1519,1413,1333,1218
26143000000,1099,1013,889,763,675,547,419,332,206,81,0,-121,-238,-313,-422,-527
26144000000,-592,-688,-778,-831,-909,-981,-1022,-1081,-1134,-1160,-1200,-1232,-1245,-1265,-1277,-1276
26146000000,-1276,-1269,-1256,-1238,-1213,-1189,-1154,-1114,-1080,-1032,-979,-922,-879,-816,-750,-702
26148000000,-633,-561,-511,-438,-364,-314,-240,-167,-118,-47,22,67,133,196,236,295
26149000000,351,385,434,481,507,546,582,601,629,654,665,681,694,697,703,705
26151000000,701,697,688,677,663,645,629,606,581,560,531,499,475,440,404,377
26153000000,340,300,273,233,194,166,127,87,61,23,-13,-37,-72,-105,-127,-157
26154000000,-187,-204,-230,-254,-268,-288,-306,-316,-330,-343,-352,-356,-362,-367,-366,-367
26156000000,-365,-361,-356,-350,-342,-333,-322,-312,-299,-284,-272,-256,-238,-225,-206,-187
26158000000,-173,-153,-133,-119,-99,-79,-65,-45,-26,-13,5,23,34,51,67,76
26159000000,91,104,112,124,135,140,149,157,160,166,171,173,175,177,176,177
26161000000,176,173,171,168,164,159,154,149,142,135,129,121,112,106,97,87
26163000000,81,71,61,55,45,36,29,20,10,1,-3,-12,-20,-25,-32,-39
26164000000,-43,-50,-56,-59,-64,-68,-70,-74,-77,-78,-80,-81,-82,-82,-82,-82
26166000000,-81,-80,-79,-77,-75,-73,-71,-68,-65,-62,-58,-56,-52,-48,-45,-40
26168000000,-36,-33,-29,-24,-21,-17,-13,-10,-6,-2,0,3,7,9,12,16
26169000000,17,20,23,24,26,28,29,30,32,32,33,33,33,34,34,33
26171000000,33,32,32,31,31,30,28,27,26,25,23,21,20,18,17,15
26173000000,13,12,10,8,7,5,4,2,1,0,-2,-3,-4,-5,-6,-8
26174000000,-9,-9,-10,-11,-12,-13,-13,-13,-14,-14,-15,-15,-15,-15,-15,-15
26176000000,-14,-14,-14,-13,-13,-13,-12,-12,-11,-11,-10,-10,-9,-8,-8,-7
26178000000,-6,-6,-5,-4,-4,-3,-2,-2,-1,-1,0,0,0,0,1,1
26179000000,2,2,2,3,3,3,3,4,4,4,4,4,4,4,4,4
26181000000,4,3,3,3,3,3,3,3,3,2,2,2,2,1,1,1
26183000000,1,0,0,0,0,0,0,0,0,0,-1,-1,-1,-1,-1,-1
26184000000,-2,-2,-2,-2,-2,-2,-2,-2,-2,-2,-2,-2,-2,-2,-2,-2
26186000000,-2,-2,-2,-2,-2,-2,-2,-2,-2,-2,-2,-2,-2,-2,-2,-1
26188000000,-1,-1,-1,-1,-1,-1,-1,-1,-1,0,0,0,0,0,0,0
26190000000,0,0,0,0,0,0,0,0,0,0,0,0,0,0,0,0
26191000000,0,0,0,0,0,0,0,0,0,0,0,0,0,0,0,0
26193000000,0,0,0,0,0,0,0,0,0,0,-1,-1,-1,-1,-1,-1
26195000000,-1,-1,-1,-1,-1,-1,-1,0,0,0,0,0,0,0,0,0
26196000000,0,0,0,0,0,0,0,0,0,0,0,0,0,0,0,0
26198000000,0,0,0,0,0,0,0,0,0,0,0,0,0,0,0,0
26200000000,0,0,0,0,0,0,0,0,0,0,0,0,0,0,0,0
